{"cameraMode":{"drawMode":0,"name":"Shaded","section":"Shading Mode"},"sceneLighting":true,"audioPlay":false,"sceneViewState":{"m_AlwaysRefresh":false,"showFog":true,"showSkybox":true,"showFlares":true,"showImageEffects":true,"showParticleSystems":true,"showVisualEffectGraphs":true,"m_FxEnabled":true},"in2DMode":false,"pivot":{"x":-0.16540315747261048,"y":-1.2763705253601075,"z":-16.67049789428711},"rotation":{"x":-0.007858417928218842,"y":0.9883201122283936,"z":-0.1421094536781311,"w":-0.05460929498076439},"size":11.365489959716797,"orthographic":false}